<?xml version="1.0" encoding="UTF-8"?>
<project-private xmlns="http://www.netbeans.org/ns/project-private/1">
    <editor-bookmarks xmlns="http://www.netbeans.org/ns/editor-bookmarks/2" lastBookmarkId="0"/>
    <open-files xmlns="http://www.netbeans.org/ns/projectui-open-files/1">
        <file>file:/C:/Users/anastrub/Documents/Valerio/Trabajos%20Generales/Trabajos%20de%20la%20UTN/Fichas%20de%20clase/Fichas%20de%20clase%202013/TSB/Ficha%2013%20%5BArboles%20AVL%5D/AVLTreeSearch02%20%5BGenerics%5D/AVL%20-%20Generics%20%5BNetbeans%5D/src/clases/NodeTree.java</file>
        <file>file:/C:/Users/anastrub/Documents/Valerio/Trabajos%20Generales/Trabajos%20de%20la%20UTN/Fichas%20de%20clase/Fichas%20de%20clase%202013/TSB/Ficha%2013%20%5BArboles%20AVL%5D/AVLTreeSearch02%20%5BGenerics%5D/AVL%20-%20Generics%20%5BNetbeans%5D/src/clases/TreeSearch.java</file>
        <file>file:/C:/Users/anastrub/Documents/Valerio/Trabajos%20Generales/Trabajos%20de%20la%20UTN/Fichas%20de%20clase/Fichas%20de%20clase%202013/TSB/Ficha%2013%20%5BArboles%20AVL%5D/AVLTreeSearch02%20%5BGenerics%5D/AVL%20-%20Generics%20%5BNetbeans%5D/src/clases/AVLNodeTree.java</file>
        <file>file:/C:/Users/anastrub/Documents/Valerio/Trabajos%20Generales/Trabajos%20de%20la%20UTN/Fichas%20de%20clase/Fichas%20de%20clase%202013/TSB/Ficha%2013%20%5BArboles%20AVL%5D/AVLTreeSearch02%20%5BGenerics%5D/AVL%20-%20Generics%20%5BNetbeans%5D/src/clases/AVLTreeSearch.java</file>
        <file>file:/C:/Users/anastrub/Documents/Valerio/Trabajos%20Generales/Trabajos%20de%20la%20UTN/Fichas%20de%20clase/Fichas%20de%20clase%202013/TSB/Ficha%2013%20%5BArboles%20AVL%5D/AVLTreeSearch02%20%5BGenerics%5D/AVL%20-%20Generics%20%5BNetbeans%5D/src/clases/Alumno.java</file>
        <file>file:/C:/Users/anastrub/Documents/Valerio/Trabajos%20Generales/Trabajos%20de%20la%20UTN/Fichas%20de%20clase/Fichas%20de%20clase%202013/TSB/Ficha%2013%20%5BArboles%20AVL%5D/AVLTreeSearch02%20%5BGenerics%5D/AVL%20-%20Generics%20%5BNetbeans%5D/src/clases/Consola.java</file>
        <file>file:/C:/Users/anastrub/Documents/Valerio/Trabajos%20Generales/Trabajos%20de%20la%20UTN/Fichas%20de%20clase/Fichas%20de%20clase%202013/TSB/Ficha%2013%20%5BArboles%20AVL%5D/AVLTreeSearch02%20%5BGenerics%5D/AVL%20-%20Generics%20%5BNetbeans%5D/src/clases/Principal.java</file>
    </open-files>
</project-private>
